<application>
  <component name="libraryTable">
    <library name="@types/koa-router" type="javaScript">
      <CLASSES />
      <SOURCES />
    </library>
    <library name="@types/module-alias" type="javaScript">
      <CLASSES />
      <SOURCES />
    </library>
    <library name="@types/module-deps" type="javaScript">
      <CLASSES />
      <SOURCES />
    </library>
    <library name="@types/requirejs" type="javaScript">
      <CLASSES />
      <SOURCES />
    </library>
  </component>
</application>