<application>
  <component name="KeyPromoterXStatistic">
    <option name="statistics">
      <Statistic Action="Revert...">
        <Item>
          <IdeaActionID>ChangesView.Revert</IdeaActionID>
          <ShortCut>'⌥⌘Z'</ShortCut>
          <Description>Revert...</Description>
          <Count>12</Count>
        </Item>
      </Statistic>
      <Statistic Action="Run">
        <Item>
          <IdeaActionID>ActivateRunToolWindow</IdeaActionID>
          <ShortCut>'⌘4'</ShortCut>
          <Description>Run</Description>
          <Count>1</Count>
        </Item>
      </Statistic>
      <Statistic Action="Show Translation Dialog...">
        <Item>
          <IdeaActionID>$ShowTranslationDialogAction</IdeaActionID>
          <ShortCut>'⌃⌘I'</ShortCut>
          <Description>Show Translation Dialog...</Description>
          <Count>1</Count>
        </Item>
      </Statistic>
      <Statistic Action="Translate">
        <Item>
          <IdeaActionID>$EditorTranslateAction</IdeaActionID>
          <ShortCut>'⌃⌘U'</ShortCut>
          <Description>Translate</Description>
          <Count>10</Count>
        </Item>
      </Statistic>
      <Statistic Action="Version Control">
        <Item>
          <IdeaActionID>ActivateVersionControlToolWindow</IdeaActionID>
          <ShortCut>'⌘9' or '⇧⌘9'</ShortCut>
          <Description>Version Control</Description>
          <Count>2</Count>
        </Item>
      </Statistic>
      <Statistic Action="停止 'start'">
        <Item>
          <IdeaActionID>Stop</IdeaActionID>
          <ShortCut>'⌘F2'</ShortCut>
          <Description>停止 'start'</Description>
          <Count>1</Count>
        </Item>
      </Statistic>
      <Statistic Action="声明(D)">
        <Item>
          <IdeaActionID>GotoDeclaration</IdeaActionID>
          <ShortCut>'⌘B'</ShortCut>
          <Description>声明(D)</Description>
          <Count>10</Count>
        </Item>
      </Statistic>
      <Statistic Action="复制(C)">
        <Item>
          <IdeaActionID>$Copy</IdeaActionID>
          <ShortCut>'⌘C'</ShortCut>
          <Description>复制(C)</Description>
          <Count>1</Count>
        </Item>
      </Statistic>
      <Statistic Action="提交(I)...">
        <Item>
          <IdeaActionID>CheckinProject</IdeaActionID>
          <ShortCut>'⌘K'</ShortCut>
          <Description>提交(I)...</Description>
          <Count>29</Count>
        </Item>
      </Statistic>
      <Statistic Action="提交信息历史">
        <Item>
          <IdeaActionID>Vcs.ShowMessageHistory</IdeaActionID>
          <ShortCut>'⌃M' or '⌘E'</ShortCut>
          <Description>提交信息历史</Description>
          <Count>2</Count>
        </Item>
      </Statistic>
      <Statistic Action="更新 Project(U)">
        <Item>
          <IdeaActionID>Vcs.UpdateProject</IdeaActionID>
          <ShortCut>'⌘T'</ShortCut>
          <Description>更新 Project(U)</Description>
          <Count>4</Count>
        </Item>
      </Statistic>
      <Statistic Action="更新 Project(U)...">
        <Item>
          <IdeaActionID>Vcs.UpdateProject</IdeaActionID>
          <ShortCut>'⌘T'</ShortCut>
          <Description>更新 Project(U)...</Description>
          <Count>2</Count>
        </Item>
      </Statistic>
      <Statistic Action="添加规则">
        <Item>
          <IdeaActionID>Arrangement.Rule.Add</IdeaActionID>
          <ShortCut>'⌘N' or '⌃⏎'</ShortCut>
          <Description>添加规则</Description>
          <Count>1</Count>
        </Item>
      </Statistic>
      <Statistic Action="粘贴(P)">
        <Item>
          <IdeaActionID>$Paste</IdeaActionID>
          <ShortCut>'⌘V'</ShortCut>
          <Description>粘贴(P)</Description>
          <Count>1</Count>
        </Item>
      </Statistic>
      <Statistic Action="重命名...(R)">
        <Item>
          <IdeaActionID>RenameElement</IdeaActionID>
          <ShortCut>'⇧F6'</ShortCut>
          <Description>重命名...(R)</Description>
          <Count>3</Count>
        </Item>
      </Statistic>
    </option>
    <option name="suppressed">
      <Statistic Action="Event Log">
        <Item>
          <IdeaActionID>ActivateEventLogToolWindow</IdeaActionID>
          <Description>Event Log</Description>
        </Item>
      </Statistic>
      <Statistic Action="Terminal">
        <Item>
          <IdeaActionID>ActivateTerminalToolWindow</IdeaActionID>
          <ShortCut>'⌥F12'</ShortCut>
          <Description>Terminal</Description>
          <Count>2</Count>
        </Item>
      </Statistic>
      <Statistic Action="停止 'watch'">
        <Item>
          <IdeaActionID>Stop</IdeaActionID>
          <ShortCut>'⌘F2'</ShortCut>
          <Description>停止 'watch'</Description>
          <Count>1</Count>
        </Item>
      </Statistic>
      <Statistic Action="删除...(D)">
        <Item>
          <IdeaActionID>$Delete</IdeaActionID>
          <ShortCut>'⌦' or '⌫' or '⌘⌫'</ShortCut>
          <Description>删除...(D)</Description>
          <Count>2</Count>
        </Item>
      </Statistic>
      <Statistic Action="运行(U) 'start'">
        <Item>
          <IdeaActionID>Run</IdeaActionID>
          <ShortCut>'⌃R'</ShortCut>
          <Description>运行(U) 'start'</Description>
          <Count>6</Count>
        </Item>
      </Statistic>
      <Statistic Action="运行(U) 'watch'">
        <Item>
          <IdeaActionID>Run</IdeaActionID>
          <ShortCut>'⌃R'</ShortCut>
          <Description>运行(U) 'watch'</Description>
          <Count>3</Count>
        </Item>
      </Statistic>
    </option>
  </component>
</application>