<application>
  <component name="UpdatesConfigurable">
    <ignoredBuildNumbers>
      <item value="191.6183.63" />
      <item value="191.6707.60" />
      <item value="191.7141.49" />
      <item value="191.7479.14" />
      <item value="192.5728.87" />
    </ignoredBuildNumbers>
    <option name="LAST_BUILD_CHECKED" value="WS-183.6156.10" />
    <option name="LAST_TIME_CHECKED" value="1564302265336" />
    <option name="THIRD_PARTY_PLUGINS_ALLOWED" value="true" />
  </component>
</application>