<application>
  <component name="AppStorage">
    <histories>
      <item value="Browserslist: caniuse-lite is outdated. Please run next command `yarn upgrade caniuse-lite browserslist`" />
      <item value="style files regexes" />
      <item value="exclude" />
      <item value="// unify the setting of elements's margin and padding for browsers" />
      <item value="compatibility" />
      <item value="The optional dependency chokidar failed to install and is required for --watch. Chokidar is likely not supported on your platform.&#10;Error: Cannot find module 'chokidar'" />
      <item value="transaction" />
      <item value="Unhandled" />
      <item value="rejection" />
      <item value="_settle Promise From Handler" />
      <item value="Sequelize Connection Refused Error" />
      <item value="ECONNREFUSED" />
      <item value="increment" />
      <item value="single Quote" />
      <item value="throw e; ^ Error: Plugin 0 specified in &quot;/Users/lin/code/island/node_modules/babel-preset-latest-node/lib/index.js&quot; provided an invalid property of &quot;default&quot; (While processing preset: &quot;/Users/lin/code/island/node_modules/babel-preset-latest-node/lib/index.js&quot;)" />
      <item value="exception" />
      <item value="sequelize" />
      <item value="load Http Exception" />
      <item value="visit" />
      <item value="when Load Module" />
      <item value="process" />
      <item value="matches" />
      <item value="freeze Table Name" />
      <item value="underscored" />
      <item value="paranoid" />
      <item value="force" />
      <item value="sync" />
      <item value="React" />
      <item value="count" />
      <item value="Meta" />
      <item value="fill" />
      <item value="is Exists" />
      <item value="Can't Update No tracked branch configured for branch master or the branch doesn't exist. To make your branch track a remote branch call, for example, git branch --set-upstream-to=origin/master master (show balloon)" />
      <item value="FATAL ERROR: Ineffective mark-compacts near heap limit Allocation failed - JavaScript heap out of memory" />
      <item value="cycle" />
      <item value="throttle" />
      <item value="debounce" />
      <item value="quick Sort" />
      <item value="bubble Sort" />
      <item value="timer" />
      <item value="parser" />
      <item value="parser Options" />
      <item value="REPLACE" />
      <item value="with Extra Argument" />
      <item value="Rollback Configure.." />
      <item value="Workspace associated with branch ‘master' has been restored Rollback Configure..." />
      <item value="indent style" />
      <item value="trim trailing whitespace" />
      <item value="insert final newline" />
      <item value="end of line" />
    </histories>
    <option name="languageScores">
      <map>
        <entry key="CHINESE" value="373" />
        <entry key="ENGLISH" value="374" />
        <entry key="DANISH" value="4" />
        <entry key="FRENCH" value="1" />
        <entry key="ROMANIAN" value="1" />
        <entry key="NORWEGIAN" value="2" />
        <entry key="SLOVAK" value="1" />
        <entry key="ITALIAN" value="2" />
      </map>
    </option>
  </component>
  <component name="Settings">
    <option name="ignoreRegExp" value="" />
    <option name="showStatusIcon" value="false" />
    <option name="showWordForms" value="false" />
  </component>
</application>